{"count":1,"self":150.1671424,"total":307.22205909999997,"children":{"InitializeActuators":{"count":1,"self":0.0019998999999999998,"total":0.0019998999999999998,"children":null},"InitializeSensors":{"count":1,"self":0.0009999,"total":0.0009999,"children":null},"AgentSendState":{"count":534284,"self":0.6204579,"total":1.9776523,"children":{"CollectObservations":{"count":53429,"self":0.1229825,"total":0.1229825,"children":null},"WriteActionMask":{"count":53429,"self":0.038991399999999996,"total":0.038991399999999996,"children":null},"RequestDecision":{"count":53429,"self":0.19846809999999998,"total":1.1952205,"children":{"AgentInfo.ToProto":{"count":53429,"self":0.2138988,"total":0.9967524,"children":{"GenerateSensorData":{"count":53429,"self":0.78285359999999993,"total":0.78285359999999993,"children":null}}}}}}},"DecideAction":{"count":534284,"self":153.3790208,"total":153.3790261,"children":null},"AgentAct":{"count":534284,"self":1.6152444,"total":1.6942416999999999,"children":{"AgentInfo.ToProto":{"count":5107,"self":0.0169993,"total":0.078997299999999993,"children":{"GenerateSensorData":{"count":5107,"self":0.061998,"total":0.061998,"children":null}}}}}},"gauges":{"RollerBall.CumulativeReward":{"count":5107,"max":5,"min":0,"runningAverage":0.9539844,"value":1,"weightedAverage":1.0003401}},"metadata":{"timer_format_version":"0.1.0","start_time_seconds":"1623680721","unity_version":"2020.3.10f1","command_line_arguments":"C:\\Program Files\\Unity\\Hub\\Editor\\2020.3.10f1\\Editor\\Unity.exe -projectpath C:\/Users\/donpo\/dev\/RollerBall -useHub -hubIPC -cloudEnvironment production -hubSessionId 3142fb60-cd16-11eb-b611-43436fe386c2 -accessToken dlb6VgBlRkJTFlwm81s_feA5LY-7gsUwXnyGT-eAyUE00ef","communication_protocol_version":"1.5.0","com.unity.ml-agents_version":"2.0.0-exp.1","scene_name":"SampleScene","end_time_seconds":"1623681028"}}